id,nombre,inteligencia,fuerza,velocidad,durabilidad,poder,combate,editor,alineacion,promedio_poder,total_poder,ranking
468,Monarch,0,100,0,0,0,0,DC Comics,good,100.0,100.0,1
426,Man of Miracles,100,100,100,100,100,100,Image Comics,-,100.0,600.0,1
503,One-Above-All,100,100,100,100,100,100,Marvel Comics,neutral,100.0,600.0,1
675,Trigon,0,99,0,0,0,0,DC Comics,bad,99.0,99.0,4
59,Aztar,0,98,0,0,0,0,Spectre,good,98.0,98.0,5
278,General Zod,94,100,96,100,100,95,DC Comics,bad,97.5,585.0,6
80,Beyonder,100,100,100,100,100,84,Marvel Comics,good,97.33333333333333,584.0,7
27,Angela,0,97,0,0,0,0,Image Comics,bad,97.0,97.0,8
644,Superman,94,100,100,100,100,85,Superman Prime One-Million,good,96.5,579.0,9
642,Superboy-Prime,94,100,100,100,100,85,DC Comics,bad,96.5,579.0,9
637,Steppenwolf,94,100,83,100,100,100,DC Comics,bad,96.16666666666667,577.0,11
295,Granny Goodness,0,96,0,0,0,0,DC Comics,bad,96.0,96.0,12
317,Hawkwoman,0,96,0,0,0,0,DC Comics,good,96.0,96.0,12
193,Cy-Gor,0,96,0,0,0,0,Image Comics,bad,96.0,96.0,12
432,Martian Manhunter,100,95,92,100,100,85,DC Comics,good,95.33333333333333,572.0,15
524,Power Girl,94,100,100,100,100,75,DC Comics,good,94.83333333333333,569.0,16
643,Supergirl,94,100,100,100,100,75,DC Comics,good,94.83333333333333,569.0,16
631,Stardust,88,85,100,110,100,85,Marvel Comics,good,94.66666666666667,568.0,18
686,Vegeta,81,100,92,95,100,100,Shueisha,bad,94.66666666666667,568.0,18
81,Big Barda,88,100,79,100,100,100,DC Comics,bad,94.5,567.0,20
720,Wonder Woman,88,100,79,100,100,100,DC Comics,good,94.5,567.0,20
204,Darkseid,88,100,83,100,100,95,DC Comics,bad,94.33333333333333,566.0,22
684,Valkyrie,0,94,0,0,0,0,Marvel Comics,good,94.0,94.0,23
517,Phoenix,100,100,83,100,100,80,Jean Grey,good,93.83333333333333,563.0,24
613,Spectre,88,100,100,100,100,70,Aztar,good,93.0,558.0,25
319,Hawkwoman III,0,92,0,0,0,0,DC Comics,good,92.0,92.0,26
161,Captain Universe,0,92,0,0,0,0,Marvel Comics,good,92.0,92.0,26
659,Thor,69,100,83,100,100,100,Rune King Thor,good,92.0,552.0,26
338,Hyperion,88,100,100,95,87,80,Marvel Comics,good,91.66666666666667,550.0,29
20,Amazo,63,100,83,100,100,100,DC Comics,bad,91.0,546.0,30
253,Faora,88,95,75,100,98,90,DC Comics,bad,91.0,546.0,30
156,Captain Marvel,88,100,88,95,100,75,DC Comics,good,91.0,546.0,30
232,Dormammu,88,95,83,100,100,80,Marvel Comics,bad,91.0,546.0,30
163,Cat,0,90,0,0,0,0,Marvel Comics,good,90.0,90.0,34
47,Astro Boy,0,90,0,0,0,0,null,good,90.0,90.0,34
195,Cyborg Superman,75,93,92,100,100,80,DC Comics,bad,90.0,540.0,34
496,Nova,100,85,75,100,100,80,Marvel Comics,good,90.0,540.0,34
95,Black Adam,88,100,92,100,100,56,DC Comics,bad,89.33333333333333,536.0,38
498,Odin,100,83,67,95,100,90,Marvel Comics,good,89.16666666666667,535.0,39
459,Mister Mxyzptlk,100,85,100,100,100,50,DC Comics,bad,89.16666666666667,535.0,39
229,Donna Troy,0,89,0,0,0,0,DC Comics,good,89.0,89.0,41
332,Hulk,88,100,63,100,98,85,Marvel Comics,good,89.0,534.0,41
413,Lobo,94,100,54,100,100,85,DC Comics,neutral,88.83333333333333,533.0,43
273,Galactus,100,100,83,100,100,50,Marvel Comics,neutral,88.83333333333333,533.0,43
230,Doomsday,75,100,67,100,100,90,DC Comics,bad,88.66666666666667,532.0,45
425,Magus,88,100,70,99,100,74,Marvel Comics,bad,88.5,531.0,46
410,Living Tribunal,100,100,100,100,100,30,Marvel Comics,neutral,88.33333333333333,530.0,47
174,Cheetah III,88,100,88,80,78,95,DC Comics,bad,88.16666666666667,529.0,48
157,Captain Marvel,84,88,71,95,100,90,Binary,good,88.0,528.0,49
32,Anti-Monitor,88,100,50,100,100,90,DC Comics,bad,88.0,528.0,49
150,Captain Atom,81,93,83,90,100,80,DC Comics,good,87.83333333333333,527.0,51
289,Goku,56,100,75,90,100,100,Shueisha,good,86.83333333333333,521.0,52
93,Bizarro,38,95,100,100,100,85,DC Comics,neutral,86.33333333333333,518.0,53
655,Thanos,100,100,33,100,100,80,Marvel Comics,bad,85.5,513.0,54
252,Fallen One II,88,85,83,100,100,56,Marvel Comics,bad,85.33333333333333,512.0,55
436,Match,75,95,83,85,100,70,DC Comics,bad,84.66666666666667,508.0,56
38,Aquaman,81,85,79,80,100,80,DC Comics,good,84.16666666666667,505.0,57
583,Sentry,75,100,100,84,100,40,Marvel Comics,neutral,83.16666666666667,499.0,58
641,Superboy,75,95,83,90,95,60,DC Comics,good,83.0,498.0,59
285,Gladiator,50,100,100,100,77,70,Marvel Comics,neutral,82.83333333333333,497.0,60
35,Apocalypse,100,100,33,100,100,60,Marvel Comics,bad,82.16666666666667,493.0,61
525,Power Man,0,82,0,0,0,0,Luke Cage,good,82.0,82.0,62
276,Garbage Man,0,82,0,0,0,0,DC Comics,good,82.0,82.0,62
709,Watcher,100,80,67,89,100,56,Marvel Comics,good,82.0,492.0,62
446,Metamorpho,0,82,0,0,0,0,DC Comics,good,82.0,82.0,62
346,Iron Man,100,85,58,85,100,64,Marvel Comics,good,82.0,492.0,62
703,War Machine,63,80,63,100,100,85,Marvel Comics,good,81.83333333333333,491.0,67
697,Vision,100,72,54,95,100,70,Anti-Vision,good,81.83333333333333,491.0,67
5,Abraxas,88,63,83,100,100,55,Marvel Comics,bad,81.5,489.0,69
690,Venompool,69,57,63,100,100,100,Deadpool,-,81.5,489.0,69
167,Century,88,80,53,64,100,100,Marvel Comics,good,80.83333333333333,485.0,71
306,Hal Jordan,69,90,75,80,100,70,DC Comics,good,80.66666666666667,484.0,72
325,Hercules,63,100,46,85,89,100,Marvel Comics,good,80.5,483.0,73
136,Brainiac,100,95,63,90,60,75,DC Comics,bad,80.5,483.0,73
96,Black Bolt,75,67,100,84,100,56,Marvel Comics,good,80.33333333333333,482.0,75
660,Thor Girl,75,83,70,84,100,70,Marvel Comics,good,80.33333333333333,482.0,75
155,Captain Mar-vell,0,80,0,0,0,0,Marvel Comics,good,80.0,80.0,77
598,Silver Surfer,56,100,100,90,100,32,Marvel Comics,good,79.66666666666667,478.0,78
680,Ultron,88,83,42,100,100,64,Marvel Comics,bad,79.5,477.0,79
574,Sauron,88,85,33,100,100,70,J. R. R. Tolkien,bad,79.33333333333333,476.0,80
504,Onslaught,88,100,33,100,100,55,Marvel Comics,bad,79.33333333333333,476.0,80
724,X-Man,88,53,53,95,100,84,Marvel Comics,good,78.83333333333333,473.0,82
233,Dr Manhattan,88,100,42,100,100,42,DC Comics,good,78.66666666666667,472.0,83
594,Sif,63,90,67,80,100,70,Marvel Comics,good,78.33333333333333,470.0,84
34,Anti-Venom,75,60,65,90,96,84,Toxin,-,78.33333333333333,470.0,84
612,Spawn,75,60,50,90,100,95,Image Comics,good,78.33333333333333,470.0,84
308,Hancock,63,90,67,100,100,50,Sony Pictures,good,78.33333333333333,470.0,84
282,Giant-Man,0,78,0,0,0,0,Ant-Man,good,78.0,78.0,88
42,Ardina,63,100,100,80,100,25,Marvel Comics,good,78.0,468.0,88
705,Warlock,88,36,79,95,71,95,Marvel Comics,good,77.33333333333333,464.0,90
645,Swamp Thing,88,95,25,100,100,55,DC Comics,bad,77.16666666666667,463.0,91
12,Air-Walker,50,85,100,85,100,40,Marvel Comics,bad,76.66666666666667,460.0,92
162,Carnage,63,63,70,84,88,90,Marvel Comics,bad,76.33333333333333,458.0,93
497,Nova,63,60,100,100,100,35,Marvel Comics,good,76.33333333333333,458.0,93
79,Beta Ray Bill,63,80,35,95,100,84,Marvel Comics,good,76.16666666666667,457.0,95
43,Ares,75,82,35,80,84,101,Marvel Comics,good,76.16666666666667,457.0,95
218,Destroyer,50,95,58,98,85,70,Marvel Comics,bad,76.0,456.0,97
265,Flash II,88,48,100,60,100,60,Black Racer,good,76.0,456.0,97
321,Hela,63,100,46,100,100,45,Marvel Comics,bad,75.66666666666667,454.0,99
160,Captain Planet,50,88,75,80,100,60,Marvel Comics,good,75.5,453.0,100
687,Venom,75,57,65,84,86,84,Anti-Venom,bad,75.16666666666667,451.0,101
213,Deadpool,69,32,50,100,100,100,Evil Deadpool,neutral,75.16666666666667,451.0,101
455,Miss Martian,63,85,58,100,100,45,DC Comics,good,75.16666666666667,451.0,101
247,Evil Deadpool,69,32,50,100,100,100,Deadpool,bad,75.16666666666667,451.0,101
423,Magneto,88,80,27,84,91,80,Marvel Comics,bad,75.0,450.0,105
481,Namor,69,95,58,70,73,85,Marvel Comics,good,75.0,450.0,105
235,Ego,88,80,83,99,71,28,Marvel Comics,bad,74.83333333333333,449.0,107
672,Toxin,75,80,42,85,97,70,Anti-Venom,good,74.83333333333333,449.0,107
620,Spider-Man,90,55,67,75,74,85,Marvel Comics,good,74.33333333333333,446.0,109
388,Kilowog,81,90,53,42,100,80,DC Comics,good,74.33333333333333,446.0,109
379,Kang,100,48,58,70,100,70,Iron Lad,bad,74.33333333333333,446.0,109
719,Wonder Man,75,100,53,90,64,64,Marvel Comics,good,74.33333333333333,446.0,109
443,Mephisto,88,85,35,95,100,42,Marvel Comics,bad,74.16666666666667,445.0,113
4,Abomination,63,80,53,90,62,95,Marvel Comics,bad,73.83333333333333,443.0,114
485,Naruto Uzumaki,50,80,32,80,100,100,Shueisha,good,73.66666666666667,442.0,115
414,Loki,88,63,46,85,100,60,Marvel Comics,bad,73.66666666666667,442.0,115
374,Juggernaut,44,100,42,100,85,70,Marvel Comics,neutral,73.5,441.0,117
120,Bloodaxe,63,80,33,80,100,84,Marvel Comics,bad,73.33333333333333,440.0,118
275,Gamora,75,85,42,85,53,100,Marvel Comics,good,73.33333333333333,440.0,118
336,Hybrid,63,63,58,75,100,80,Marvel Comics,good,73.16666666666667,439.0,120
547,Red Hulk,50,100,47,85,82,75,Marvel Comics,neutral,73.16666666666667,439.0,120
129,Bomb Queen,0,73,0,0,0,0,Image Comics,bad,73.0,73.0,122
222,Doctor Doom,100,32,20,100,100,84,Marvel Comics,bad,72.66666666666667,436.0,123
671,Toxin,56,73,70,84,82,70,Marvel Comics,good,72.5,435.0,124
460,Mister Sinister,100,48,46,90,100,50,Marvel Comics,bad,72.33333333333333,434.0,125
635,Steel,81,82,53,90,64,64,DC Comics,good,72.33333333333333,434.0,125
717,Wolverine,63,32,50,100,89,100,Marvel Comics,good,72.33333333333333,434.0,125
589,She-Hulk,81,100,42,100,40,70,Marvel Comics,good,72.16666666666667,433.0,128
435,Master Chief,75,73,35,80,69,100,Microsoft,good,72.0,432.0,129
652,T-X,75,63,29,85,100,80,Dark Horse Comics,bad,72.0,432.0,129
601,Sinestro,75,85,53,64,100,55,DC Comics,neutral,72.0,432.0,129
117,Blizzard,0,72,0,0,0,0,Marvel Comics,bad,72.0,72.0,129
122,Bloodwraith,0,72,0,0,0,0,Marvel Comics,bad,72.0,72.0,129
444,Mera,56,62,79,60,92,80,DC Comics,good,71.5,429.0,134
397,Kyle Rayner,69,90,50,60,100,60,DC Comics,good,71.5,429.0,134
23,Angel,75,30,58,90,100,75,Dark Horse Comics,good,71.33333333333333,428.0,136
651,T-850,75,80,25,90,83,75,Dark Horse Comics,bad,71.33333333333333,428.0,136
303,Groot,75,85,33,70,100,64,Marvel Comics,good,71.16666666666667,427.0,138
389,King Kong,56,100,71,75,47,75,,good,70.66666666666667,424.0,139
506,Osiris,75,85,60,95,65,42,DC Comics,good,70.33333333333333,422.0,140
502,One Punch Man,38,100,83,95,55,50,Shueisha,good,70.16666666666667,421.0,141
3,Abin Sur,50,90,53,64,99,65,DC Comics,good,70.16666666666667,421.0,141
281,Ghost Rider II,0,70,0,0,0,0,Marvel Comics,good,70.0,70.0,143
287,Godzilla,44,100,54,100,100,20,,bad,69.66666666666667,418.0,144
649,T-1000,75,34,33,100,100,75,Dark Horse Comics,bad,69.5,417.0,145
433,Marvel Girl,63,85,47,42,100,80,Marvel Comics,good,69.5,417.0,145
48,Atlas,63,80,25,100,98,50,Goliath,good,69.33333333333333,416.0,147
572,Sandman,44,75,46,90,100,60,Marvel Comics,neutral,69.16666666666667,415.0,148
264,Flash Gordon,0,69,0,0,0,0,null,good,69.0,69.0,149
617,Spider-Carnage,0,69,0,0,0,0,Scarlet Spider,bad,69.0,69.0,149
49,Atlas,63,100,42,100,27,80,DC Comics,bad,68.66666666666667,412.0,151
368,John Stewart,56,85,42,64,100,65,DC Comics,good,68.66666666666667,412.0,151
339,Iceman,63,32,53,100,100,64,Marvel Comics,good,68.66666666666667,412.0,151
439,Maxima,75,90,35,56,81,75,DC Comics,bad,68.66666666666667,412.0,151
15,Alex Mercer,50,80,42,90,100,50,Wildstorm,bad,68.66666666666667,412.0,151
664,Thunderstrike,63,80,70,84,42,72,Marvel Comics,good,68.5,411.0,156
575,Savage Dragon,63,70,54,85,66,72,Image Comics,good,68.33333333333333,410.0,157
305,Guy Gardner,38,90,53,64,100,64,DC Comics,good,68.16666666666667,409.0,158
602,Siren,56,62,79,60,92,60,DC Comics,bad,68.16666666666667,409.0,158
345,Iron Fist,75,55,33,50,95,100,Marvel Comics,good,68.0,408.0,160
279,Genesis,0,68,0,0,0,0,Marvel Comics,good,68.0,68.0,160
605,Skaar,50,85,27,90,69,85,Marvel Comics,good,67.66666666666667,406.0,162
132,Booster Gold,69,85,42,70,100,40,DC Comics,good,67.66666666666667,406.0,162
6,Absorbing Man,38,80,25,100,98,64,Marvel Comics,bad,67.5,405.0,164
241,Emma Frost,75,63,35,90,100,42,Marvel Comics,good,67.5,405.0,164
390,King Shark,50,88,50,90,86,40,DC Comics,bad,67.33333333333333,404.0,166
185,Colossus,63,83,33,100,45,80,Marvel Comics,good,67.33333333333333,404.0,166
728,Ymir,50,100,27,100,98,28,Marvel Comics,good,67.16666666666667,403.0,168
600,Simon Baz,56,90,42,55,100,60,DC Comics,good,67.16666666666667,403.0,168
269,Franklin Richards,63,80,50,60,100,50,Marvel Comics,good,67.16666666666667,403.0,168
294,Gorilla Grodd,81,53,33,70,100,65,DC Comics,bad,67.0,402.0,171
246,Etrigan,50,85,17,100,100,50,DC Comics,neutral,67.0,402.0,171
2,Abe Sapien,88,28,35,65,100,85,Dark Horse Comics,good,66.83333333333333,401.0,173
396,Krypto,9,80,100,90,82,40,DC Comics,good,66.83333333333333,401.0,173
633,Stargirl,63,80,25,90,87,55,DC Comics,good,66.66666666666667,400.0,175
595,Silk,75,48,71,70,71,65,Marvel Comics,good,66.66666666666667,400.0,175
256,Fin Fang Foom,50,81,23,100,75,70,Marvel Comics,good,66.5,399.0,177
619,Spider-Gwen,75,55,63,70,66,70,Marvel Comics,good,66.5,399.0,177
658,Thing,75,84,21,100,38,80,Marvel Comics,good,66.33333333333333,398.0,179
315,Hawkgirl,50,28,53,99,96,72,DC Comics,good,66.33333333333333,398.0,179
360,Jessica Cruz,56,90,46,50,100,55,DC Comics,good,66.16666666666667,397.0,181
403,Legion,50,100,42,30,100,75,Marvel Comics,good,66.16666666666667,397.0,181
445,Metallo,75,53,23,95,86,64,DC Comics,bad,66.0,396.0,183
316,Hawkman,0,66,0,0,0,0,DC Comics,good,66.0,66.0,183
261,Firestorm,38,80,58,80,100,40,DC Comics,good,66.0,396.0,183
145,Cable,88,48,23,56,100,80,Marvel Comics,good,65.83333333333333,395.0,186
148,Cannonball,50,28,67,99,94,56,Marvel Comics,good,65.66666666666667,394.0,187
526,Predator,63,30,25,85,100,90,Dark Horse Comics,bad,65.5,393.0,188
520,Plastic Man,50,63,23,100,100,56,DC Comics,good,65.33333333333333,392.0,189
723,X-23,75,24,42,100,55,95,Marvel Comics,good,65.16666666666667,391.0,190
194,Cyborg,75,53,42,85,71,64,DC Comics,good,65.0,390.0,191
689,Venom III,63,73,35,90,73,56,Scorpion,bad,65.0,390.0,191
138,Brother Voodoo,0,65,0,0,0,0,Marvel Comics,good,65.0,65.0,191
280,Ghost Rider,50,55,25,100,100,60,Marvel Comics,good,65.0,390.0,191
190,Crimson Dynamo,0,65,0,0,0,0,Marvel Comics,good,65.0,65.0,191
584,Shadow King,75,12,27,100,100,75,Marvel Comics,good,64.83333333333333,389.0,196
579,Scarlet Witch,100,10,29,70,100,80,Marvel Comics,bad,64.83333333333333,389.0,196
28,Animal Man,56,48,47,85,73,80,DC Comics,good,64.83333333333333,389.0,196
342,Indigo,75,63,50,50,100,50,DC Comics,neutral,64.66666666666667,388.0,199
14,Alan Scott,63,80,23,90,100,32,DC Comics,good,64.66666666666667,388.0,199
11,Agent Zero,75,28,38,80,72,95,Marvel Comics,good,64.66666666666667,388.0,199
536,Quicksilver,63,28,100,60,81,56,Marvel Comics,good,64.66666666666667,388.0,199
729,Yoda,88,52,33,25,100,90,George Lucas,good,64.66666666666667,388.0,199
681,Utgard-Loki,50,80,23,84,85,64,Marvel Comics,bad,64.33333333333333,386.0,204
208,Darth Vader,69,48,33,35,100,100,George Lucas,bad,64.16666666666667,385.0,205
207,Darth Maul,56,48,50,30,100,100,George Lucas,bad,64.0,384.0,206
57,Azazel,50,11,47,95,100,80,Marvel Comics,bad,63.833333333333336,383.0,207
570,Sabretooth,56,48,38,90,50,100,Marvel Comics,bad,63.666666666666664,382.0,208
29,Annihilus,75,80,47,56,59,64,Marvel Comics,bad,63.5,381.0,209
405,Lex Luthor,100,53,25,65,68,70,DC Comics,bad,63.5,381.0,209
551,Red Tornado,75,38,67,60,100,40,DC Comics,good,63.333333333333336,380.0,211
322,Hellboy,63,53,21,95,73,75,Dark Horse Comics,good,63.333333333333336,380.0,211
347,Iron Monger,88,63,25,90,57,56,Marvel Comics,bad,63.166666666666664,379.0,213
231,Doppelganger,8,63,60,95,69,84,Marvel Comics,bad,63.166666666666664,379.0,213
399,Lady Bullseye,0,63,0,0,0,0,Marvel Comics,bad,63.0,63.0,215
356,Jean Grey,94,80,21,20,92,70,Phoenix,good,62.833333333333336,377.0,216
632,Starfire,50,80,33,85,59,70,DC Comics,good,62.833333333333336,377.0,216
216,Deathstroke,75,30,35,100,47,90,DC Comics,neutral,62.833333333333336,377.0,216
581,Scorpion,50,52,60,85,49,80,Venom III,bad,62.666666666666664,376.0,219
471,Moonstone,56,67,47,52,74,80,Marvel Comics,bad,62.666666666666664,376.0,219
105,Black Manta,75,28,50,60,76,85,DC Comics,bad,62.333333333333336,374.0,221
430,Mandarin,100,28,23,28,100,95,Marvel Comics,bad,62.333333333333336,374.0,221
418,Luke Skywalker,69,38,42,25,100,100,George Lucas,good,62.333333333333336,374.0,221
176,Chuck Norris,50,80,47,56,42,99,null,good,62.333333333333336,374.0,221
221,Doc Samson,75,80,33,80,36,70,Marvel Comics,good,62.333333333333336,374.0,221
37,Aqualad,63,44,42,75,89,60,DC Comics,good,62.166666666666664,373.0,226
151,Captain Britain,75,77,50,60,31,80,Marvel Comics,good,62.166666666666664,373.0,226
523,Polaris,63,73,42,50,100,45,Marvel Comics,good,62.166666666666664,373.0,226
543,Ray,50,10,92,100,100,20,DC Comics,good,62.0,372.0,229
421,Mach-IV,75,36,60,84,60,56,Marvel Comics,bad,61.833333333333336,371.0,230
693,Vindicator,63,63,53,64,58,70,Vindicator II,good,61.833333333333336,371.0,230
249,Exodus,63,81,28,28,100,70,Marvel Comics,bad,61.666666666666664,370.0,232
718,Wonder Girl,75,90,25,80,39,60,DC Comics,good,61.5,369.0,233
533,Q,100,12,17,100,100,40,Star Trek,-,61.5,369.0,233
75,Beast,94,48,38,60,43,85,Marvel Comics,good,61.333333333333336,368.0,235
500,Omega Red,0,61,0,0,0,0,Marvel Comics,bad,61.0,61.0,236
226,Doctor Strange,100,10,12,84,100,60,Marvel Comics,good,61.0,366.0,236
266,Flash III,63,10,100,60,100,32,Speed Demon,good,60.833333333333336,365.0,238
577,Scarlet Spider,75,53,60,74,46,56,Spider-Carnage,good,60.666666666666664,364.0,239
100,Black Flash,44,10,100,80,100,30,DC Comics,neutral,60.666666666666664,364.0,239
431,Mantis,63,8,33,80,100,80,Marvel Comics,good,60.666666666666664,364.0,239
158,Captain Marvel II,75,81,27,90,34,56,DC Comics,good,60.5,363.0,242
177,Citizen Steel,50,95,33,100,23,60,DC Comics,good,60.166666666666664,361.0,243
39,Arachne,50,48,50,70,71,70,Marvel Comics,good,59.833333333333336,359.0,244
260,Firestorm,50,53,58,56,100,42,DC Comics,good,59.833333333333336,359.0,244
556,Rhino,25,80,43,90,36,85,Marvel Comics,bad,59.833333333333336,359.0,244
56,Aurora,63,10,96,60,74,56,Marvel Comics,good,59.833333333333336,359.0,244
344,Invisible Woman,88,10,27,85,93,56,Marvel Comics,good,59.833333333333336,359.0,244
69,Batman,81,40,29,55,63,90,DC Comics,good,59.666666666666664,358.0,249
234,Drax the Destroyer,56,80,25,85,46,65,Marvel Comics,good,59.5,357.0,250
392,Klaw,63,38,33,100,62,60,Marvel Comics,bad,59.333333333333336,356.0,251
400,Lady Deathstrike,63,28,42,85,48,90,Marvel Comics,bad,59.333333333333336,356.0,251
350,Jack of Hearts,63,55,100,30,77,30,Marvel Comics,good,59.166666666666664,355.0,253
340,Impulse,50,10,100,60,74,60,Flash IV,good,59.0,354.0,254
452,Mimic,63,67,47,56,79,42,Marvel Comics,good,59.0,354.0,254
618,Spider-Girl,63,38,60,65,53,75,Marvel Comics,good,59.0,354.0,254
267,Flash IV,63,10,100,32,100,48,Impulse,good,58.833333333333336,353.0,257
588,Shatterstar,63,48,45,64,49,84,Marvel Comics,good,58.833333333333336,353.0,257
126,Blue Beetle III,50,34,58,80,100,30,DC Comics,good,58.666666666666664,352.0,259
224,Doctor Fate,81,16,25,80,100,50,DC Comics,good,58.666666666666664,352.0,259
284,Giganta,81,89,23,85,32,42,DC Comics,bad,58.666666666666664,352.0,259
335,Husk,63,63,35,78,48,64,Marvel Comics,good,58.5,351.0,262
416,Luke Cage,50,63,29,95,44,70,Power Man,good,58.5,351.0,262
529,Psylocke,63,33,25,40,100,90,Marvel Comics,good,58.5,351.0,262
60,Bane,88,38,23,56,51,95,DC Comics,bad,58.5,351.0,262
499,Offspring,50,10,35,99,100,56,DC Comics,good,58.333333333333336,350.0,266
679,Ultragirl,50,80,35,70,35,80,Marvel Comics,good,58.333333333333336,350.0,266
70,Batman,100,26,27,50,47,100,DC Comics,good,58.333333333333336,350.0,266
348,Isis,75,48,75,46,50,56,DC Comics,good,58.333333333333336,350.0,266
7,Adam Monroe,63,10,12,100,100,64,NBC - Heroes,good,58.166666666666664,349.0,270
33,Anti-Spawn,0,58,0,0,0,0,Image Comics,bad,58.0,58.0,271
622,Spider-Man,0,58,0,0,0,0,Marvel Comics,good,58.0,58.0,271
189,Crimson Crusader,0,58,0,0,0,0,Marvel Comics,good,58.0,58.0,271
582,Sebastian Shaw,63,85,12,95,36,56,Marvel Comics,bad,57.833333333333336,347.0,274
258,Firelord,38,63,75,90,52,28,Marvel Comics,good,57.666666666666664,346.0,275
640,Sunspot,63,63,35,25,90,70,Marvel Comics,good,57.666666666666664,346.0,275
484,Namorita,50,72,47,70,37,70,Marvel Comics,good,57.666666666666664,346.0,275
404,Leonardo,75,16,50,65,59,80,IDW Publishing,good,57.5,345.0,278
236,Elastigirl,63,32,33,95,52,70,Dark Horse Comics,good,57.5,345.0,278
299,Green Goblin,100,48,38,60,48,50,Marvel Comics,bad,57.333333333333336,344.0,280
168,Cerebra,0,57,0,0,0,0,Marvel Comics,good,57.0,57.0,281
621,Spider-Man,0,57,0,0,0,0,Marvel Comics,good,57.0,57.0,281
495,Northstar,50,18,83,56,65,70,Marvel Comics,good,57.0,342.0,281
149,Captain America,69,19,38,55,60,100,Marvel Comics,good,56.833333333333336,341.0,284
228,Donatello,88,14,46,60,58,75,IDW Publishing,good,56.833333333333336,341.0,284
271,Frenzy,63,53,35,100,38,52,Marvel Comics,bad,56.833333333333336,341.0,284
92,Bishop,63,14,23,75,100,65,Marvel Comics,good,56.666666666666664,340.0,287
180,Cloak,63,10,47,64,100,56,Marvel Comics,good,56.666666666666664,340.0,287
467,Molten Man,50,73,23,84,53,56,Marvel Comics,bad,56.5,339.0,289
623,Spider-Woman,56,42,42,60,68,70,Marvel Comics,good,56.333333333333336,338.0,290
609,Solomon Grundy,9,93,13,100,92,30,DC Comics,bad,56.166666666666664,337.0,291
707,Warpath,38,72,47,70,26,84,Thunderbird II,good,56.166666666666664,337.0,291
700,Vulcan,0,56,0,0,0,0,Marvel Comics,good,56.0,56.0,293
333,Human Torch,63,11,63,70,87,42,Marvel Comics,good,56.0,336.0,293
324,Hellstorm,0,56,0,0,0,0,Marvel Comics,good,56.0,56.0,293
578,Scarlet Spider II,88,55,60,40,37,56,Marvel Comics,good,56.0,336.0,293
212,Deadman,50,10,33,100,100,42,DC Comics,good,55.833333333333336,335.0,297
106,Black Panther,88,16,30,60,41,100,Marvel Comics,good,55.833333333333336,335.0,297
121,Bloodhawk,50,10,50,80,80,64,Marvel Comics,good,55.666666666666664,334.0,299
72,Battlestar,50,53,35,74,48,74,Marvel Comics,good,55.666666666666664,334.0,299
688,Venom II,50,57,47,70,54,56,Marvel Comics,bad,55.666666666666664,334.0,299
541,Raphael,63,17,50,65,59,80,IDW Publishing,good,55.666666666666664,334.0,299
248,Evilhawk,50,32,33,70,85,64,Marvel Comics,bad,55.666666666666664,334.0,299
398,Kylo Ren,56,44,33,30,100,70,George Lucas,bad,55.5,333.0,304
225,Doctor Octopus,94,48,33,40,53,65,Marvel Comics,bad,55.5,333.0,304
309,Harley Quinn,88,12,33,65,55,80,DC Comics,bad,55.5,333.0,304
714,Winter Soldier,56,32,35,65,60,84,Marvel Comics,good,55.333333333333336,332.0,307
454,Misfit,63,32,23,80,91,42,Batgirl V,good,55.166666666666664,331.0,308
483,Namora,50,85,42,42,48,64,Marvel Comics,good,55.166666666666664,331.0,308
476,Mr Incredible,50,83,33,95,29,40,Dark Horse Comics,good,55.0,330.0,310
428,Man-Thing,50,32,8,100,100,40,Marvel Comics,good,55.0,330.0,310
472,Morlun,63,60,35,42,74,56,Marvel Comics,bad,55.0,330.0,310
590,She-Thing,69,72,21,80,23,65,Ms Marvel II,good,55.0,330.0,310
109,Blackout,63,32,45,80,45,65,Marvel Comics,bad,55.0,330.0,310
422,Machine Man,63,32,35,84,51,64,Marvel Comics,good,54.833333333333336,329.0,315
448,Metron,88,10,47,56,100,28,DC Comics,good,54.833333333333336,329.0,315
538,Ra's Al Ghul,100,28,32,42,27,100,DC Comics,bad,54.833333333333336,329.0,315
373,Judge Dredd,75,18,38,50,52,95,Rebellion,good,54.666666666666664,328.0,318
528,Professor Zoom,94,10,100,20,83,20,DC Comics,bad,54.5,327.0,319
18,Alien,50,28,42,90,57,60,Dark Horse Comics,bad,54.5,327.0,319
450,Michelangelo,63,14,50,65,59,75,IDW Publishing,good,54.333333333333336,326.0,321
638,Storm,75,10,47,30,88,75,Marvel Comics,good,54.166666666666664,325.0,322
713,Wildfire,50,32,23,100,77,42,DC Comics,good,54.0,324.0,323
650,T-800,75,34,17,60,73,65,Dark Horse Comics,bad,54.0,324.0,323
77,Beetle,0,54,0,0,0,0,Marvel Comics,bad,54.0,54.0,323
46,Arsenal,0,54,0,0,0,0,Speedy,good,54.0,54.0,323
677,Triton,56,63,50,65,35,55,Marvel Comics,good,54.0,324.0,323
263,Flash,63,10,100,50,68,32,DC Comics,good,53.833333333333336,323.0,328
648,Synch,75,67,23,28,74,56,Marvel Comics,good,53.833333333333336,323.0,328
202,Darkhawk,50,32,33,70,74,64,Marvel Comics,good,53.833333333333336,323.0,328
424,Magog,50,48,23,64,66,72,DC Comics,good,53.833333333333336,323.0,328
1,A-Bomb,38,100,17,80,24,64,Marvel Comics,good,53.833333333333336,323.0,328
211,Dazzler,63,10,33,60,100,55,Marvel Comics,good,53.5,321.0,333
653,Taskmaster,75,12,50,20,63,100,Marvel Comics,bad,53.333333333333336,320.0,334
585,Shadow Lass,63,10,67,20,79,80,DC Comics,good,53.166666666666664,319.0,335
328,Hobgoblin,0,53,0,0,0,0,Marvel Comics,bad,53.0,53.0,336
695,Violator,0,53,0,0,0,0,Image Comics,bad,53.0,53.0,336
146,Callisto,63,53,23,42,52,85,Marvel Comics,bad,53.0,318.0,336
76,Beast Boy,50,28,50,70,79,40,DC Comics,good,52.833333333333336,317.0,339
369,John Wraith,75,12,35,28,87,80,Marvel Comics,good,52.833333333333336,317.0,339
412,Lizard,50,51,27,70,63,56,Marvel Comics,bad,52.833333333333336,317.0,339
731,Zoom,50,10,100,28,100,28,DC Comics,bad,52.666666666666664,316.0,342
237,Electro,69,10,50,56,67,64,Marvel Comics,bad,52.666666666666664,316.0,342
104,Black Mamba,75,10,35,42,88,65,Marvel Comics,bad,52.5,315.0,344
508,Ozymandias,100,18,33,20,49,95,DC Comics,bad,52.5,315.0,344
45,Armor,50,63,12,80,55,54,Marvel Comics,good,52.333333333333336,314.0,346
480,Mystique,75,12,23,64,64,74,Marvel Comics,bad,52.0,312.0,347
140,Buffy,63,28,42,70,48,60,Dark Horse Comics,good,51.833333333333336,311.0,348
119,Blob,10,83,23,95,28,72,Marvel Comics,bad,51.833333333333336,311.0,348
66,Batgirl IV,69,12,27,56,46,100,DC Comics,good,51.666666666666664,310.0,350
386,Killer Croc,19,53,35,90,53,60,DC Comics,bad,51.666666666666664,310.0,350
201,Daredevil,75,13,25,35,61,100,Marvel Comics,good,51.5,309.0,352
112,Blade,63,28,38,50,40,90,Marvel Comics,good,51.5,309.0,352
667,Tigra,63,32,53,38,33,90,Marvel Comics,good,51.5,309.0,352
13,Ajax,56,48,35,80,34,55,Marvel Comics,bad,51.333333333333336,308.0,355
358,Jennifer Kale,75,10,35,42,74,72,Marvel Comics,good,51.333333333333336,308.0,355
441,Medusa,75,34,35,70,37,56,Marvel Comics,good,51.166666666666664,307.0,357
685,Vanisher,63,10,75,56,61,42,Marvel Comics,bad,51.166666666666664,307.0,357
462,Mockingbird,75,31,38,20,48,95,Marvel Comics,good,51.166666666666664,307.0,357
597,Silk Spectre II,0,51,0,0,0,0,DC Comics,good,51.0,51.0,360
196,Cyclops,75,10,23,42,76,80,Marvel Comics,good,51.0,306.0,360
375,Junkpile,50,38,17,90,81,30,Marvel Comics,bad,51.0,306.0,360
646,Swarm,75,18,50,90,38,35,Marvel Comics,bad,51.0,306.0,360
666,Tiger Shark,38,72,46,70,51,28,Marvel Comics,bad,50.833333333333336,305.0,364
611,Space Ghost,38,18,33,40,95,80,DC Comics,good,50.666666666666664,304.0,365
217,Demogoblin,50,48,42,35,67,60,Marvel Comics,bad,50.333333333333336,302.0,366
242,Enchantress,63,14,25,60,100,40,DC Comics,good,50.333333333333336,302.0,366
591,Shocker,63,10,23,70,79,56,Marvel Comics,bad,50.166666666666664,301.0,368
215,Deathlok,69,32,30,70,40,60,Marvel Comics,good,50.166666666666664,301.0,368
479,Mysterio,81,10,17,40,82,70,Marvel Comics,bad,50.0,300.0,370
634,Static,69,8,42,50,90,40,DC Comics,good,49.833333333333336,299.0,371
210,Data,100,32,21,40,56,50,Star Trek,good,49.833333333333336,299.0,371
429,Man-Wolf,63,44,35,42,45,70,Marvel Comics,good,49.833333333333336,299.0,371
288,Gog,50,34,47,72,39,56,DC Comics,bad,49.666666666666664,298.0,374
730,Zatanna,81,10,23,28,100,56,DC Comics,good,49.666666666666664,298.0,374
522,Poison Ivy,81,14,21,40,100,40,DC Comics,bad,49.333333333333336,296.0,376
491,Nightwing,88,11,33,28,36,100,Batman II,good,49.333333333333336,296.0,376
63,Batgirl,88,11,33,40,34,90,Oracle,good,49.333333333333336,296.0,376
71,Batman II,88,11,33,28,36,100,Nightwing,good,49.333333333333336,296.0,376
670,Toad,50,34,58,56,70,28,Marvel Comics,neutral,49.333333333333336,296.0,376
665,Thundra,38,81,32,64,26,54,Marvel Comics,good,49.166666666666664,295.0,381
370,Joker,100,10,12,60,43,70,DC Comics,bad,49.166666666666664,295.0,381
456,Mister Fantastic,100,10,18,70,33,64,Marvel Comics,good,49.166666666666664,295.0,381
530,Punisher,69,16,21,45,42,100,Marvel Comics,good,48.833333333333336,293.0,384
361,Jessica Jones,56,44,50,70,18,55,Power Woman,good,48.833333333333336,293.0,384
351,Jack-Jack,6,34,67,80,100,6,Dark Horse Comics,good,48.833333333333336,293.0,384
240,Elongated Man,75,10,33,90,44,40,DC Comics,good,48.666666666666664,292.0,387
238,Elektra,63,11,30,28,59,100,Marvel Comics,good,48.5,291.0,388
610,Songbird,75,36,27,42,55,56,Marvel Comics,good,48.5,291.0,388
573,Sasquatch,75,80,23,56,15,42,Marvel Comics,good,48.5,291.0,388
61,Banshee,50,10,58,40,63,70,Marvel Comics,good,48.5,291.0,388
312,Hawk,38,38,35,95,43,42,DC Comics,good,48.5,291.0,388
518,Plantman,63,60,25,55,61,25,Marvel Comics,bad,48.166666666666664,289.0,393
108,Black Widow II,0,48,0,0,0,0,Marvel Comics,good,48.0,48.0,394
41,Arclight,38,63,23,42,52,70,Marvel Comics,bad,48.0,288.0,394
515,Phantom,0,48,0,0,0,0,DC Comics,good,48.0,48.0,394
300,Green Goblin II,75,55,37,50,44,26,Marvel Comics,bad,47.833333333333336,287.0,397
103,Black Lightning,50,11,53,28,70,75,DC Comics,good,47.833333333333336,287.0,397
107,Black Widow,75,13,33,30,36,100,Marvel Comics,good,47.833333333333336,287.0,397
355,Jason Bourne,88,12,29,30,26,100,null,good,47.5,285.0,400
298,Green Arrow,81,12,35,28,39,90,DC Comics,good,47.5,285.0,400
330,Hope Summers,63,10,12,32,93,75,Marvel Comics,good,47.5,285.0,400
127,Boba Fett,63,10,38,36,68,70,George Lucas,bad,47.5,285.0,400
567,Rogue,75,10,12,28,80,80,Marvel Comics,good,47.5,285.0,400
587,Shang-Chi,63,12,30,50,29,100,Marvel Comics,good,47.333333333333336,284.0,405
542,Raven,50,10,29,70,84,40,DC Comics,neutral,47.166666666666664,283.0,406
395,Kraven the Hunter,63,32,35,42,25,85,Marvel Comics,bad,47.0,282.0,407
385,Kid Flash II,0,47,0,0,0,0,Flash IV,good,47.0,47.0,407
586,Shadowcat,88,8,21,25,69,70,Marvel Comics,good,46.833333333333336,281.0,409
169,Chamber,50,10,20,80,57,64,Marvel Comics,good,46.833333333333336,281.0,409
487,Nebula,63,52,13,50,42,60,Marvel Comics,bad,46.666666666666664,280.0,411
409,Living Brain,75,53,35,56,31,28,Marvel Comics,bad,46.333333333333336,278.0,412
178,Claire Bennet,38,9,12,100,90,28,NBC - Heroes,good,46.166666666666664,277.0,413
490,Nightcrawler,50,10,47,14,76,80,Marvel Comics,good,46.166666666666664,277.0,413
489,Nick Fury,75,11,23,42,25,100,Marvel Comics,good,46.0,276.0,415
9,Agent 13,0,46,0,0,0,0,Sharon Carter,good,46.0,46.0,415
53,Atom II,88,10,33,45,40,60,DC Comics,good,46.0,276.0,415
40,Archangel,63,13,58,64,35,42,Angel,good,45.833333333333336,275.0,418
699,Vixen,50,38,50,50,62,25,DC Comics,good,45.833333333333336,275.0,418
477,Ms Marvel II,38,63,23,84,11,56,She-Thing,good,45.833333333333336,275.0,418
461,Mister Zsasz,88,22,33,28,18,85,DC Comics,bad,45.666666666666664,274.0,421
311,Havok,63,10,25,60,71,45,Marvel Comics,good,45.666666666666664,274.0,421
607,Snowbird,50,32,27,42,70,52,Marvel Comics,good,45.5,273.0,423
438,Maverick,63,10,12,42,60,85,Marvel Comics,good,45.333333333333336,272.0,424
198,Dagger,63,10,35,42,52,70,Marvel Comics,good,45.333333333333336,272.0,424
337,Hydro-Man,38,13,25,80,66,50,Marvel Comics,bad,45.333333333333336,272.0,424
647,Sylar,75,10,12,28,91,56,NBC - Heroes,bad,45.333333333333336,272.0,424
492,Niki Sanders,63,52,35,28,37,56,NBC - Heroes,good,45.166666666666664,271.0,428
561,Robin,88,11,27,28,32,85,Batman II,good,45.166666666666664,271.0,428
304,Guardian,0,45,0,0,0,0,Marvel Comics,good,45.0,45.0,430
494,Nite Owl II,0,45,0,0,0,0,DC Comics,good,45.0,45.0,430
259,Firestar,50,8,54,55,71,32,Marvel Comics,good,45.0,270.0,430
323,Hellcat,63,11,33,45,46,70,Marvel Comics,good,44.666666666666664,268.0,433
352,James Bond,88,13,17,35,25,90,Titan Books,good,44.666666666666664,268.0,433
546,Red Hood,75,12,23,28,35,95,Robin II,neutral,44.666666666666664,268.0,433
474,Moses Magnum,75,28,12,42,55,56,Marvel Comics,bad,44.666666666666664,268.0,433
630,Star-Lord,69,20,33,50,25,70,Marvel Comics,good,44.5,267.0,437
475,Mr Immortal,50,10,8,100,69,30,Marvel Comics,good,44.5,267.0,437
245,Ethan Hunt,75,11,29,30,26,95,null,good,44.333333333333336,266.0,439
206,Darkstar,38,8,35,42,79,64,Marvel Comics,good,44.333333333333336,266.0,439
527,Professor X,100,8,12,14,100,32,Marvel Comics,good,44.333333333333336,266.0,439
171,Changeling,63,10,23,42,64,64,Marvel Comics,bad,44.333333333333336,266.0,439
114,Bling!,69,14,12,90,52,28,Marvel Comics,good,44.166666666666664,265.0,443
557,Rick Flag,88,11,23,28,19,95,DC Comics,bad,44.0,264.0,444
197,Cypher,0,44,0,0,0,0,Marvel Comics,good,44.0,44.0,444
102,Black Knight III,63,10,8,70,43,70,Marvel Comics,good,44.0,264.0,444
331,Howard the Duck,0,44,0,0,0,0,Marvel Comics,good,44.0,44.0,444
310,Harry Potter,75,7,21,10,100,50,J. K. Rowling,good,43.833333333333336,263.0,448
394,Kraven II,50,34,23,28,43,85,Marvel Comics,bad,43.833333333333336,263.0,448
274,Gambit,63,10,23,28,55,84,Marvel Comics,good,43.833333333333336,263.0,448
463,MODOK,100,18,25,25,79,15,Marvel Comics,bad,43.666666666666664,262.0,451
540,Rambo,63,14,25,30,30,100,null,good,43.666666666666664,262.0,451
372,Jubilee,56,8,22,20,66,90,Marvel Comics,good,43.666666666666664,262.0,451
563,Robin III,81,11,27,28,29,85,Red Robin,good,43.5,261.0,454
708,Wasp,63,17,58,52,29,42,Marvel Comics,good,43.5,261.0,454
549,Red Robin,81,11,27,32,29,80,Robin III,good,43.333333333333336,260.0,456
84,Bill Harken,63,36,33,60,27,40,SyFy,good,43.166666666666664,259.0,457
334,Huntress,69,10,23,28,34,95,Batgirl III,good,43.166666666666664,259.0,457
65,Batgirl III,0,43,0,0,0,0,Huntress,good,43.0,43.0,459
349,Jack Bauer,0,43,0,0,0,0,null,good,43.0,43.0,459
535,Question,81,14,27,35,20,80,DC Comics,good,42.833333333333336,257.0,461
711,White Canary,63,7,33,15,49,90,DC Comics,bad,42.833333333333336,257.0,461
478,Multiple Man,63,11,23,70,28,62,Marvel Comics,good,42.833333333333336,257.0,461
286,Goblin Queen,75,10,23,28,65,56,Marvel Comics,bad,42.833333333333336,257.0,461
97,Black Canary,63,8,33,20,52,80,DC Comics,good,42.666666666666664,256.0,465
24,Angel,63,13,46,64,28,42,Archangel,good,42.666666666666664,256.0,465
625,Spider-Woman III,50,48,27,42,60,28,Marvel Comics,good,42.5,255.0,467
562,Robin II,75,11,27,28,28,85,Red Hood,good,42.333333333333336,254.0,468
457,Mister Freeze,75,32,12,70,37,28,DC Comics,bad,42.333333333333336,254.0,468
470,Moon Knight,50,36,23,42,28,75,Marvel Comics,good,42.333333333333336,254.0,468
296,Gravity,50,32,33,40,69,30,Marvel Comics,good,42.333333333333336,254.0,468
165,Catwoman,69,11,33,28,27,85,DC Comics,good,42.166666666666664,253.0,472
137,Brainiac 5,100,10,23,28,60,32,DC Comics,good,42.166666666666664,253.0,472
627,Spock,81,18,17,40,56,40,Star Trek,good,42.0,252.0,474
359,Jesse Quick,0,42,0,0,0,0,Liberty Belle II,good,42.0,42.0,474
227,Domino,63,10,27,28,49,74,Marvel Comics,good,41.833333333333336,251.0,476
559,Rip Hunter,100,8,8,10,100,25,DC Comics,good,41.833333333333336,251.0,476
73,Batwoman V,81,8,29,25,27,80,DC Comics,good,41.666666666666664,250.0,478
376,Justice,50,10,33,70,55,30,Marvel Comics,good,41.333333333333336,248.0,479
469,Monica Dawson,50,10,35,14,48,90,NBC - Heroes,good,41.166666666666664,247.0,480
654,Tempest,38,10,45,28,66,60,Angel Salvadore,good,41.166666666666664,247.0,480
115,Blink,50,8,20,28,77,64,Marvel Comics,good,41.166666666666664,247.0,480
141,Bullseye,50,11,25,70,20,70,Marvel Comics,bad,41.0,246.0,483
343,Ink,38,28,17,40,73,50,Marvel Comics,good,41.0,246.0,483
214,Deadshot,50,10,23,28,55,80,DC Comics,bad,41.0,246.0,483
98,Black Canary,63,8,33,15,45,80,DC Comics,good,40.666666666666664,244.0,486
135,Box IV,50,75,23,28,11,56,Gemini V,good,40.5,243.0,487
257,Firebird,38,8,40,14,100,42,Marvel Comics,good,40.333333333333336,242.0,488
391,Kingpin,75,18,25,40,13,70,Marvel Comics,bad,40.166666666666664,241.0,489
367,John Constantine,63,10,8,40,54,65,DC Comics,good,40.0,240.0,490
473,Morph,0,40,0,0,0,0,Marvel Comics,good,40.0,40.0,490
8,Adam Strange,69,10,33,40,37,50,DC Comics,good,39.833333333333336,239.0,492
209,Dash,25,12,92,60,20,30,Dark Horse Comics,good,39.833333333333336,239.0,492
427,Man-Bat,38,18,50,70,33,30,DC Comics,neutral,39.833333333333336,239.0,492
68,Batgirl VI,75,10,23,28,22,80,Spoiler,good,39.666666666666664,238.0,495
415,Longshot,50,10,27,10,71,70,Marvel Comics,good,39.666666666666664,238.0,495
203,Darkman,75,14,23,85,12,28,Universal Studios,good,39.5,237.0,497
569,Rorschach,75,10,29,20,23,80,DC Comics,good,39.5,237.0,497
401,Leader,100,10,12,14,59,42,Marvel Comics,bad,39.5,237.0,497
254,Feral,38,28,45,28,27,70,Marvel Comics,good,39.333333333333336,236.0,500
692,Vibe,50,10,17,30,99,30,DC Comics,good,39.333333333333336,236.0,500
387,Killer Frost,88,10,13,35,59,30,DC Comics,bad,39.166666666666664,235.0,502
179,Clea,0,39,0,0,0,0,Marvel Comics,good,39.0,39.0,503
220,DL Hawkins,50,12,12,56,48,56,NBC - Heroes,good,39.0,234.0,503
706,Warp,38,10,23,28,85,50,DC Comics,bad,39.0,234.0,503
30,Ant-Man,100,18,23,28,32,32,Giant-Man,good,38.833333333333336,233.0,506
31,Ant-Man II,75,18,17,40,53,30,Marvel Comics,good,38.833333333333336,233.0,506
58,Azrael,63,18,17,20,35,80,DC Comics,good,38.833333333333336,233.0,506
62,Bantam,25,53,23,54,21,56,Marvel Comics,good,38.666666666666664,232.0,509
353,James T. Kirk,69,11,17,30,30,75,Star Trek,good,38.666666666666664,232.0,509
505,Oracle,75,11,23,28,19,76,Batgirl,good,38.666666666666664,232.0,509
147,Cameron Hicks,50,10,23,28,51,70,SyFy,good,38.666666666666664,232.0,509
599,Silverclaw,50,28,35,42,34,42,Marvel Comics,good,38.5,231.0,513
608,Sobek,50,34,23,46,20,56,DC Comics,good,38.166666666666664,229.0,514
442,Meltdown,38,10,12,42,62,64,Boom-Boom,good,38.0,228.0,515
545,Red Arrow,63,16,25,20,23,80,DC Comics,good,37.833333333333336,227.0,516
83,Big Man,75,12,23,28,19,70,Marvel Comics,bad,37.833333333333336,227.0,516
99,Black Cat,75,16,33,10,23,70,Marvel Comics,good,37.833333333333336,227.0,516
408,Lightning Lord,44,10,23,42,66,42,DC Comics,bad,37.833333333333336,227.0,516
87,Bionic Woman,56,37,33,40,20,40,,good,37.666666666666664,226.0,520
186,Copycat,56,10,21,25,54,60,Marvel Comics,neutral,37.666666666666664,226.0,520
676,Triplicate Girl,63,10,23,42,44,42,DC Comics,good,37.333333333333336,224.0,522
555,Rey,63,8,21,10,87,35,George Lucas,good,37.333333333333336,224.0,522
661,Thunderbird,50,32,27,32,13,70,Marvel Comics,good,37.333333333333336,224.0,522
357,Jean-Luc Picard,75,10,17,30,26,65,Star Trek,good,37.166666666666664,223.0,525
130,Boom-Boom,38,10,12,42,57,64,Meltdown,good,37.166666666666664,223.0,525
191,Crystal,63,16,12,14,61,56,Marvel Comics,good,37.0,222.0,527
696,Violet Parr,56,9,13,50,79,15,Dark Horse Comics,good,37.0,222.0,527
364,Jim Powell,38,38,23,80,23,20,ABC Studios,good,37.0,222.0,527
16,Alex Woolsly,0,37,0,0,0,0,NBC - Heroes,good,37.0,37.0,527
406,Light Lass,38,10,35,28,67,42,DC Comics,good,36.666666666666664,220.0,531
26,Angel Salvadore,38,10,28,28,56,60,Tempest,good,36.666666666666664,220.0,531
564,Robin V,69,8,33,16,29,65,DC Comics,good,36.666666666666664,220.0,531
118,Blizzard II,38,10,27,42,47,56,Marvel Comics,bad,36.666666666666664,220.0,531
701,Vulture,75,22,42,25,26,30,Marvel Comics,bad,36.666666666666664,220.0,531
173,Cheetah II,38,20,42,20,39,60,DC Comics,bad,36.5,219.0,536
628,Spyke,50,12,17,60,48,30,Marvel Comics,good,36.166666666666664,217.0,537
239,Elle Bishop,50,8,12,42,63,42,NBC - Heroes,bad,36.166666666666664,217.0,537
219,Diamondback,44,16,23,28,45,60,Marvel Comics,bad,36.0,216.0,539
251,Falcon,38,13,50,28,22,64,Marvel Comics,good,35.833333333333336,215.0,540
576,Scarecrow,81,10,12,14,48,50,DC Comics,bad,35.833333333333336,215.0,540
437,Matt Parkman,63,10,12,14,59,56,NBC - Heroes,good,35.666666666666664,214.0,542
521,Plastique,50,10,23,28,60,42,DC Comics,bad,35.5,213.0,543
384,Kid Flash,25,4,92,42,20,30,DC Comics,good,35.5,213.0,543
604,Siryn,38,8,47,28,50,42,Marvel Comics,bad,35.5,213.0,543
550,Red Skull,75,10,12,14,19,80,Marvel Comics,bad,35.0,210.0,546
91,Birdman,0,35,0,0,0,0,Hanna-Barbera,good,35.0,35.0,546
172,Cheetah,38,8,42,20,32,70,DC Comics,bad,35.0,210.0,546
111,Blackwulf,50,28,8,30,69,25,Marvel Comics,-,35.0,210.0,546
458,Mister Knife,75,10,17,30,13,65,Marvel Comics,bad,35.0,210.0,546
419,Luna,38,6,83,14,53,14,Marvel Comics,good,34.666666666666664,208.0,551
44,Ariel,50,10,12,14,94,28,Marvel Comics,good,34.666666666666664,208.0,551
142,Bumblebee,63,28,25,10,47,35,DC Comics,good,34.666666666666664,208.0,551
313,Hawkeye,56,12,21,10,29,80,Goliath,good,34.666666666666664,208.0,551
139,Brundlefly,69,32,25,40,27,15,,-,34.666666666666664,208.0,551
371,Jolt,63,12,27,32,31,42,Marvel Comics,good,34.5,207.0,556
531,Purple Man,56,10,8,30,92,10,Marvel Comics,bad,34.333333333333336,206.0,557
615,Speedy,50,6,33,20,26,70,DC Comics,good,34.166666666666664,205.0,558
25,Angel Dust,38,55,23,42,17,30,Marvel Comics,good,34.166666666666664,205.0,558
327,Hit-Girl,56,7,29,20,27,65,Icon Comics,good,34.0,204.0,560
407,Lightning Lad,38,10,23,28,60,42,DC Comics,good,33.5,201.0,561
514,Penguin,75,10,12,28,30,45,DC Comics,bad,33.333333333333336,200.0,562
380,Kathryn Janeway,75,8,21,25,21,50,Star Trek,good,33.333333333333336,200.0,562
307,Han Solo,50,10,17,20,43,60,George Lucas,good,33.333333333333336,200.0,562
716,Wolfsbane,38,16,35,42,26,42,Marvel Comics,good,33.166666666666664,199.0,565
592,Shriek,50,10,23,28,45,42,Marvel Comics,good,33.0,198.0,566
382,Kevin 11,25,7,12,14,100,40,DC Comics,good,33.0,198.0,566
580,Scorpia,38,28,42,28,34,28,Marvel Comics,bad,33.0,198.0,566
566,Rocket Raccoon,50,5,23,28,28,64,Marvel Comics,good,33.0,198.0,566
451,Micro Lad,38,28,27,28,44,32,DC Comics,good,32.833333333333336,197.0,570
657,The Comedian,63,14,17,10,12,80,DC Comics,neutral,32.666666666666664,196.0,571
571,Sage,75,10,12,14,28,56,Marvel Comics,good,32.5,195.0,572
170,Chameleon,88,10,12,28,28,28,DC Comics,bad,32.333333333333336,194.0,573
516,Phantom Girl,38,10,23,28,53,42,DC Comics,good,32.333333333333336,194.0,573
568,Ronin,56,12,21,10,13,80,Goliath,good,32.0,192.0,575
110,Blackwing,38,10,35,32,20,56,Marvel Comics,bad,31.833333333333332,191.0,576
565,Robin VI,50,8,25,20,17,70,DC Comics,neutral,31.666666666666668,190.0,577
381,Katniss Everdeen,56,8,21,25,24,55,,good,31.5,189.0,578
656,The Cape,38,10,23,32,22,64,null,good,31.5,189.0,578
268,Forge,63,10,12,28,25,48,Marvel Comics,good,31.0,186.0,580
383,Kick-Ass,38,10,23,35,22,56,Icon Comics,good,30.666666666666668,184.0,581
727,Yellowjacket II,50,10,35,28,31,28,Marvel Comics,good,30.333333333333332,182.0,582
509,Parademon,9,28,17,50,53,25,DC Comics,bad,30.333333333333332,182.0,582
366,Johann Krauss,0,30,0,0,0,0,Dark Horse Comics,good,30.0,30.0,584
52,Atom Girl,38,10,23,28,38,42,DC Comics,good,29.833333333333332,179.0,585
154,Captain Hindsight,25,10,83,30,10,20,South Park,good,29.666666666666668,178.0,586
82,Big Daddy,38,10,12,32,22,64,Icon Comics,good,29.666666666666668,178.0,586
636,Stephanie Powell,69,10,54,10,24,10,ABC Studios,good,29.5,177.0,588
341,Indiana Jones,69,10,17,30,19,30,George Lucas,good,29.166666666666668,175.0,589
493,Nina Theroux,63,5,8,10,68,20,SyFy,good,29.0,174.0,590
668,Tinkerer,100,10,23,14,10,14,Marvel Comics,bad,28.5,171.0,591
449,Micah Sanders,63,8,12,14,57,14,NBC - Heroes,good,28.0,168.0,592
320,Heat Wave,38,10,17,45,27,30,DC Comics,bad,27.833333333333332,167.0,593
702,Walrus,50,28,8,50,11,20,Marvel Comics,bad,27.833333333333332,167.0,593
78,Ben 10,10,7,8,10,90,40,DC Comics,good,27.5,165.0,595
726,Yellowjacket,88,10,12,28,12,14,Ant-Man,good,27.333333333333332,164.0,596
64,Batgirl,0,27,0,0,0,0,Hawkfire,good,27.0,27.0,597
17,Alfred Pennyworth,63,10,17,10,7,55,DC Comics,good,27.0,162.0,597
88,Bird-Brain,25,10,35,28,21,42,Marvel Comics,good,26.833333333333332,161.0,599
678,Two-Face,88,10,12,14,9,28,DC Comics,bad,26.833333333333332,161.0,599
558,Riddler,100,10,12,14,10,14,DC Comics,bad,26.666666666666668,160.0,601
440,Maya Herrera,50,10,12,14,60,14,NBC - Heroes,good,26.666666666666668,160.0,601
181,Clock King,75,10,17,10,7,40,DC Comics,bad,26.5,159.0,603
532,Pyro,38,10,12,14,54,28,Marvel Comics,bad,26.0,156.0,604
488,Negasonic Teenage Warhead,50,7,8,10,45,35,Marvel Comics,good,25.833333333333332,155.0,605
144,Bushido,38,10,8,10,19,70,DC Comics,good,25.833333333333332,155.0,605
277,Gary Bell,63,5,8,10,54,10,SyFy,good,25.0,150.0,607
314,Hawkeye II,50,6,8,10,24,50,Marvel Comics,good,24.666666666666668,148.0,608
548,Red Mist,25,10,23,14,20,56,Icon Comics,bad,24.666666666666668,148.0,608
539,Rachel Pirzad,63,4,8,10,52,10,SyFy,good,24.5,147.0,610
297,Greedo,38,10,13,15,31,40,George Lucas,bad,24.5,147.0,610
152,Captain Cold,50,10,17,20,28,20,DC Comics,neutral,24.166666666666668,145.0,612
365,JJ Powell,88,10,8,10,14,10,ABC Studios,good,23.333333333333332,140.0,613
200,Daphne Powell,38,10,8,10,56,10,ABC Studios,good,22.0,132.0,614
402,Leech,25,5,12,14,62,14,Marvel Comics,good,22.0,132.0,614
188,Cottonmouth,50,10,8,10,27,25,Marvel Comics,bad,21.666666666666668,130.0,616
513,Penance II,0,20,0,0,0,0,Speedball,good,20.0,20.0,617
537,Quill,38,10,12,14,23,14,Marvel Comics,good,18.5,111.0,618
36,Aquababy,10,16,12,14,37,14,DC Comics,good,17.166666666666668,103.0,619
510,Paul Blart,8,11,21,50,7,5,Sony Pictures,good,17.0,102.0,620
187,Corsair,0,16,0,0,0,0,Marvel Comics,good,16.0,16.0,621
354,Jar Jar Binks,10,6,33,10,21,15,George Lucas,good,15.833333333333334,95.0,622
326,Hiro Nakamura,0,15,0,0,0,0,NBC - Heroes,good,15.0,15.0,623
722,Wyatt Wingfoot,10,10,12,1,1,56,Marvel Comics,good,15.0,90.0,623
393,Kool-Aid Man,25,18,8,10,9,14,null,good,14.0,84.0,625
639,Stormtrooper,10,8,8,15,5,20,George Lucas,bad,11.0,66.0,626
10,Agent Bob,10,8,13,5,5,20,Marvel Comics,good,10.166666666666666,61.0,627
270,Franklin Storm,38,10,1,1,0,10,Marvel Comics,good,10.0,60.0,628
682,Vagabond,0,0,0,0,0,0,Marvel Comics,good,0.0,0.0,0
362,Jessica Sanders,0,0,0,0,0,0,NBC - Heroes,good,0.0,0.0,0
710,Weapon XI,0,0,0,0,0,0,Marvel Comics,bad,0.0,0.0,0
704,Warbird,0,0,0,0,0,0,Binary,good,0.0,0.0,0
712,White Queen,0,0,0,0,0,0,Marvel Comics,good,0.0,0.0,0
22,Ando Masahashi,0,0,0,0,0,0,NBC - Heroes,good,0.0,0.0,0
318,Hawkwoman II,0,0,0,0,0,0,DC Comics,good,0.0,0.0,0
715,Wiz Kid,0,0,0,0,0,0,Marvel Comics,good,0.0,0.0,0
67,Batgirl V,0,0,0,0,0,0,Misfit,good,0.0,0.0,0
363,Jigsaw,0,0,0,0,0,0,Marvel Comics,bad,0.0,0.0,0
674,Trickster,0,0,0,0,0,0,DC Comics,-,0.0,0.0,0
662,Thunderbird II,0,0,0,0,0,0,Warpath,good,0.0,0.0,0
663,Thunderbird III,0,0,0,0,0,0,Marvel Comics,good,0.0,0.0,0
698,Vision II,0,0,0,0,0,0,Anti-Vision,good,0.0,0.0,0
694,Vindicator,0,0,0,0,0,0,Marvel Comics,good,0.0,0.0,0
725,Yellow Claw,0,0,0,0,0,0,Marvel Comics,bad,0.0,0.0,0
21,Ammo,0,0,0,0,0,0,Marvel Comics,bad,0.0,0.0,0
691,Vertigo II,0,0,0,0,0,0,Blaquesmith,good,0.0,0.0,0
19,Allan Quatermain,0,0,0,0,0,0,Wildstorm,good,0.0,0.0,0
329,Hollow,0,0,0,0,0,0,Marvel Comics,good,0.0,0.0,0
673,Tracy Strauss,0,0,0,0,0,0,NBC - Heroes,good,0.0,0.0,0
378,K-2SO,0,0,0,0,0,0,George Lucas,good,0.0,0.0,0
721,Wondra,0,0,0,0,0,0,Marvel Comics,good,0.0,0.0,0
50,Atom,0,0,0,0,0,0,DC Comics,good,0.0,0.0,0
51,Atom,0,0,0,0,0,0,DC Comics,good,0.0,0.0,0
669,Titan,0,0,0,0,0,0,HarperCollins,good,0.0,0.0,0
55,Atom IV,0,0,0,0,0,0,DC Comics,good,0.0,0.0,0
377,Jyn Erso,0,0,0,0,0,0,George Lucas,good,0.0,0.0,0
54,Atom III,0,0,0,0,0,0,DC Comics,good,0.0,0.0,0
683,Valerie Hart,0,0,0,0,0,0,Team Epic TV,good,0.0,0.0,0
465,Mohinder Suresh,0,0,0,0,0,0,NBC - Heroes,good,0.0,0.0,0
74,Beak,0,0,0,0,0,0,Marvel Comics,good,0.0,0.0,0
560,Ripcord,0,0,0,0,0,0,Marvel Comics,good,0.0,0.0,0
244,ERG-1,0,0,0,0,0,0,DC Comics,good,0.0,0.0,0
159,Captain Midnight,0,0,0,0,0,0,Dark Horse Comics,good,0.0,0.0,0
552,Redeemer II,0,0,0,0,0,0,Image Comics,bad,0.0,0.0,0
553,Redeemer III,0,0,0,0,0,0,Image Comics,bad,0.0,0.0,0
554,Renata Soliz,0,0,0,0,0,0,HarperCollins,good,0.0,0.0,0
250,Fabian Cortez,0,0,0,0,0,0,Marvel Comics,bad,0.0,0.0,0
434,Master Brood,0,0,0,0,0,0,Team Epic TV,good,0.0,0.0,0
544,Razor-Fist II,0,0,0,0,0,0,Marvel Comics,bad,0.0,0.0,0
255,Fighting Spirit,0,0,0,0,0,0,DC Comics,good,0.0,0.0,0
153,Captain Epic,0,0,0,0,0,0,Team Epic TV,good,0.0,0.0,0
466,Moloch,0,0,0,0,0,0,DC Comics,bad,0.0,0.0,0
143,Bumbleboy,0,0,0,0,0,0,Marvel Comics,good,0.0,0.0,0
199,Danny Cooper,0,0,0,0,0,0,HarperCollins,good,0.0,0.0,0
262,Fixer,0,0,0,0,0,0,Marvel Comics,bad,0.0,0.0,0
164,Cat II,0,0,0,0,0,0,Marvel Comics,good,0.0,0.0,0
243,Energy,0,0,0,0,0,0,HarperCollins,good,0.0,0.0,0
272,Frigga,0,0,0,0,0,0,Marvel Comics,good,0.0,0.0,0
183,Colin Wagner,0,0,0,0,0,0,HarperCollins,good,0.0,0.0,0
501,Omniscient,0,0,0,0,0,0,Team Epic TV,good,0.0,0.0,0
184,Colossal Boy,0,0,0,0,0,0,DC Comics,good,0.0,0.0,0
507,Overtkill,0,0,0,0,0,0,Image Comics,bad,0.0,0.0,0
464,Mogo,0,0,0,0,0,0,DC Comics,good,0.0,0.0,0
511,Penance,0,0,0,0,0,0,Marvel Comics,good,0.0,0.0,0
512,Penance I,0,0,0,0,0,0,Marvel Comics,good,0.0,0.0,0
519,Plastic Lad,0,0,0,0,0,0,DC Comics,good,0.0,0.0,0
166,Cecilia Reyes,0,0,0,0,0,0,Marvel Comics,good,0.0,0.0,0
182,Cogliostro,0,0,0,0,0,0,Image Comics,bad,0.0,0.0,0
223,Doctor Doom II,0,0,0,0,0,0,Marvel Comics,bad,0.0,0.0,0
175,Chromos,0,0,0,0,0,0,Team Epic TV,bad,0.0,0.0,0
453,Minna Murray,0,0,0,0,0,0,Wildstorm,good,0.0,0.0,0
534,Quantum,0,0,0,0,0,0,HarperCollins,good,0.0,0.0,0
447,Meteorite,0,0,0,0,0,0,Marvel Comics,good,0.0,0.0,0
134,Box III,0,0,0,0,0,0,Marvel Comics,good,0.0,0.0,0
133,Box,0,0,0,0,0,0,Marvel Comics,good,0.0,0.0,0
85,Billy Kincaid,0,0,0,0,0,0,Image Comics,bad,0.0,0.0,0
101,Black Goliath,0,0,0,0,0,0,Marvel Comics,good,0.0,0.0,0
292,Goliath,0,0,0,0,0,0,Ant-Man,good,0.0,0.0,0
293,Goliath IV,0,0,0,0,0,0,Marvel Comics,good,0.0,0.0,0
624,Spider-Woman II,0,0,0,0,0,0,Marvel Comics,good,0.0,0.0,0
626,Spider-Woman IV,0,0,0,0,0,0,Marvel Comics,bad,0.0,0.0,0
629,Stacy X,0,0,0,0,0,0,Marvel Comics,good,0.0,0.0,0
301,Green Goblin III,0,0,0,0,0,0,Marvel Comics,good,0.0,0.0,0
302,Green Goblin IV,0,0,0,0,0,0,Marvel Comics,good,0.0,0.0,0
192,Curse,0,0,0,0,0,0,Image Comics,bad,0.0,0.0,0
205,Darkside,0,0,0,0,0,0,null,bad,0.0,0.0,0
94,Black Abbott,0,0,0,0,0,0,Marvel Comics,bad,0.0,0.0,0
90,Bird-Man II,0,0,0,0,0,0,Marvel Comics,bad,0.0,0.0,0
89,Bird-Man,0,0,0,0,0,0,Marvel Comics,bad,0.0,0.0,0
86,Binary,0,0,0,0,0,0,Captain Marvel,good,0.0,0.0,0
482,Namor,0,0,0,0,0,0,Marvel Comics,good,0.0,0.0,0
616,Speedy,0,0,0,0,0,0,Arsenal,good,0.0,0.0,0
614,Speedball,0,0,0,0,0,0,Penance II,good,0.0,0.0,0
131,Boomer,0,0,0,0,0,0,Marvel Comics,good,0.0,0.0,0
283,Giant-Man II,0,0,0,0,0,0,Marvel Comics,good,0.0,0.0,0
593,Shrinking Violet,0,0,0,0,0,0,DC Comics,good,0.0,0.0,0
128,Bolt,0,0,0,0,0,0,Marvel Comics,good,0.0,0.0,0
420,Lyja,0,0,0,0,0,0,Marvel Comics,good,0.0,0.0,0
596,Silk Spectre,0,0,0,0,0,0,DC Comics,good,0.0,0.0,0
124,Blue Beetle,0,0,0,0,0,0,DC Comics,good,0.0,0.0,0
123,Blue Beetle,0,0,0,0,0,0,DC Comics,good,0.0,0.0,0
603,Siren II,0,0,0,0,0,0,DC Comics,bad,0.0,0.0,0
113,Blaquesmith,0,0,0,0,0,0,Vertigo II,good,0.0,0.0,0
116,Blizzard,0,0,0,0,0,0,Marvel Comics,bad,0.0,0.0,0
606,Snake-Eyes,0,0,0,0,0,0,Marvel Comics,bad,0.0,0.0,0
417,Luke Campbell,0,0,0,0,0,0,NBC - Heroes,bad,0.0,0.0,0
290,Goliath,0,0,0,0,0,0,Atlas,good,0.0,0.0,0
291,Goliath,0,0,0,0,0,0,Hawkeye,good,0.0,0.0,0
411,Liz Sherman,0,0,0,0,0,0,Dark Horse Comics,good,0.0,0.0,0
486,Nathan Petrelli,0,0,0,0,0,0,NBC - Heroes,good,0.0,0.0,0
